1,"Stephen Dyer","stephen.dyer@dpnatest.com","co-President","http://i.istockimg.com/file_thumbview_approve/63634053/6/stock-photo-63634053-construction-worker-installing-new-windows-in-house.jpg"
2,"Anthony Short","anthony.short@dpnatest.com","co-President","http://i.istockimg.com/file_thumbview_approve/84895505/6/stock-photo-84895505-smiling-african-american-man-sitting-at-table-with-mobile-phone.jpg"
3,"Victoria Coleman","victoria.coleman@dpnatest.com","Treasurer","http://i.istockimg.com/file_thumbview_approve/67514681/6/stock-photo-67514681-young-business-woman-in-modern-office.jpg"
4,"Luke Vaughan","luke.vaughan@dpnatest.com","Secretary","http://i.istockimg.com/file_thumbview_approve/69582303/6/stock-photo-69582303-man-with-a-beard-looking-over-documents.jpg"
5,"Gabrielle Metcalfe","gabrielle.metcalfe@dpnatest.com","Board Member","http://i.istockimg.com/file_thumbview_approve/78645855/6/stock-photo-78645855-african-business-woman-with-arms-crossed.jpg"
6,"Penelope Mitchell","penelope.mitchell@dpnatest.com","Board Member","http://i.istockimg.com/file_thumbview_approve/73614007/6/stock-photo-73614007-happy-with-her-lifestyle.jpg"
7,"David Ferguson","david.ferguson@dpnatest.com","Board Member","http://i.istockimg.com/file_thumbview_approve/85188039/6/stock-photo-85188039-male-owner-of-gift-store-with-digital-tablet.jpg"
8,"Eric Kerr","eric.kerr@dpnatest.com","Board Member","http://i.istockimg.com/file_thumbview_approve/75296271/6/stock-photo-75296271-senior-man-giving-credit-card-details-on-the-phone.jpg"
9,"Dorothy Martin","dorothy.martin@dpnatest.com","Board Member","http://i.istockimg.com/file_thumbview_approve/84686793/6/stock-photo-84686793-smiling-mature-housewife.jpg"
10,"Carolyn Underwood","carolyn.underwood@dpnatest.com","Board Member","http://i.istockimg.com/file_thumbview_approve/83544269/6/stock-photo-83544269-university-students-sitting-in-class.jpg"
